{"count":1,"self":2582.838272,"total":6685.0390130999995,"children":{"InitializeActuators":{"count":2,"self":0.0018548999999999998,"total":0.0018548999999999998,"children":null},"InitializeSensors":{"count":2,"self":0.0017825,"total":0.0017825,"children":null},"AgentSendState":{"count":2500668,"self":6.0951944,"total":85.809235,"children":{"CollectObservations":{"count":1000282,"self":63.646451199999994,"total":63.646449499999996,"children":null},"WriteActionMask":{"count":1000282,"self":0.5764746,"total":0.5764746,"children":null},"RequestDecision":{"count":1000282,"self":2.5689404,"total":15.4911163,"children":{"AgentInfo.ToProto":{"count":1000282,"self":2.7491648,"total":12.9221758,"children":{"GenerateSensorData":{"count":1000282,"self":10.1730112,"total":10.173010999999999,"children":null}}}}}}},"DecideAction":{"count":2500668,"self":3991.2099839999996,"total":3991.2098326,"children":null},"AgentAct":{"count":2500668,"self":25.1554048,"total":25.1690325,"children":{"AgentInfo.ToProto":{"count":1266,"self":0.0021931,"total":0.0136276,"children":{"GenerateSensorData":{"count":1266,"self":0.0114345,"total":0.0114345,"children":null}}}}},"AgentInfo.ToProto":{"count":796,"self":0.0032781,"total":0.0090312,"children":{"GenerateSensorData":{"count":796,"self":0.0057531,"total":0.0057531,"children":null}}}},"gauges":{"TankyBrain.CumulativeReward":{"count":2062,"max":2.89538479,"min":-2.07476974,"runningAverage":-0.279063761,"value":0.7171867,"weightedAverage":0.436914}},"metadata":{"timer_format_version":"0.1.0","start_time_seconds":"1775857770","unity_version":"6000.3.10f1","command_line_arguments":"S:\\Unity\\6000.3.10f1\\Editor\\Unity.exe -projectpath S:\\Unity\\Unity Games\\RL-Tanks -acceptSoftwareTermsForThisRunOnly -useHub -hubIPC -cloudEnvironment production","communication_protocol_version":"1.5.0","com.unity.ml-agents_version":"4.0.2","scene_name":"TankSim","end_time_seconds":"1775864455"}}