{"count":1,"self":683.71655679999992,"total":683.94571139999994,"children":{"InitializeActuators":{"count":2,"self":0.0015115999999999999,"total":0.0015115999999999999,"children":null},"InitializeSensors":{"count":2,"self":0.0005086,"total":0.0005086,"children":null},"AgentSendState":{"count":4146,"self":0.025731499999999997,"total":0.1349263,"children":{"CollectObservations":{"count":1660,"self":0.10264569999999999,"total":0.10264569999999999,"children":null},"WriteActionMask":{"count":1660,"self":0.0010134,"total":0.0010134,"children":null},"RequestDecision":{"count":1660,"self":0.0055357,"total":0.0055357,"children":null}}},"DecideAction":{"count":4146,"self":0.017623299999999998,"total":0.017623299999999998,"children":null},"AgentAct":{"count":4146,"self":0.074096,"total":0.074096,"children":null}},"gauges":{"TankyBrain.CumulativeReward":{"count":4,"max":2.01639652,"min":-1.3207885,"runningAverage":0.113635913,"value":-0.8014,"weightedAverage":0.07194951}},"metadata":{"timer_format_version":"0.1.0","start_time_seconds":"1776041494","unity_version":"6000.3.10f1","command_line_arguments":"S:\\Unity\\6000.3.10f1\\Editor\\Unity.exe -projectpath S:\\Unity\\Unity Games\\RL-Tanks -acceptSoftwareTermsForThisRunOnly -useHub -hubIPC -cloudEnvironment production","communication_protocol_version":"1.5.0","com.unity.ml-agents_version":"4.0.2","scene_name":"TankSim","end_time_seconds":"1776042178"}}