{"count":1,"self":12102.4421888,"total":12103.0515204,"children":{"InitializeActuators":{"count":2,"self":0.0020017999999999998,"total":0.0020017999999999998,"children":null},"InitializeSensors":{"count":2,"self":0.0010006,"total":0.0010006,"children":null},"AgentSendState":{"count":3980,"self":0.027767299999999998,"total":0.1730504,"children":{"CollectObservations":{"count":1592,"self":0.13056479999999998,"total":0.13056479999999998,"children":null},"WriteActionMask":{"count":1592,"self":0.0025697999999999997,"total":0.0025697999999999997,"children":null},"RequestDecision":{"count":1592,"self":0.0121485,"total":0.0121485,"children":null}}},"DecideAction":{"count":3980,"self":0.33035349999999997,"total":0.33035349999999997,"children":null},"AgentAct":{"count":3980,"self":0.10277589999999999,"total":0.10277589999999999,"children":null}},"gauges":{"TankyBrain.CumulativeReward":{"count":8,"max":1.00582588,"min":-1.57530117,"runningAverage":-0.16522193,"value":-1.41699541,"weightedAverage":-0.423675865}},"metadata":{"timer_format_version":"0.1.0","start_time_seconds":"1775357733","unity_version":"6000.3.10f1","command_line_arguments":"S:\\Unity\\6000.3.10f1\\Editor\\Unity.exe -projectpath S:\\Unity\\Unity Games\\Robotics Simulation -acceptSoftwareTermsForThisRunOnly -useHub -hubIPC -cloudEnvironment production","communication_protocol_version":"1.5.0","com.unity.ml-agents_version":"4.0.2","scene_name":"TankSim","end_time_seconds":"1775369836"}}