{"count":1,"self":1294.7567616,"total":4929.5390197,"children":{"InitializeActuators":{"count":2,"self":0.0010176999999999999,"total":0.0010176999999999999,"children":null},"InitializeSensors":{"count":2,"self":0.0010115,"total":0.0010115,"children":null},"AgentSendState":{"count":1875384,"self":4.6671936,"total":73.7163154,"children":{"CollectObservations":{"count":750166,"self":56.565939199999995,"total":56.5659381,"children":null},"WriteActionMask":{"count":750166,"self":0.4295829,"total":0.4295829,"children":null},"RequestDecision":{"count":750166,"self":1.989253,"total":12.053600999999999,"children":{"AgentInfo.ToProto":{"count":750166,"self":2.0424264,"total":10.064347999999999,"children":{"GenerateSensorData":{"count":750166,"self":8.0219215999999989,"total":8.0219215999999989,"children":null}}}}}}},"DecideAction":{"count":1875384,"self":3538.7699199999997,"total":3538.7698538,"children":null},"AgentAct":{"count":1875384,"self":22.2725312,"total":22.2898937,"children":{"AgentInfo.ToProto":{"count":1084,"self":0.0035458,"total":0.0173629,"children":{"GenerateSensorData":{"count":1084,"self":0.013817099999999999,"total":0.013817099999999999,"children":null}}}}},"AgentInfo.ToProto":{"count":238,"self":0.0015113,"total":0.0041296,"children":{"GenerateSensorData":{"count":238,"self":0.0026183,"total":0.0026183,"children":null}}}},"gauges":{"TankyBrain.CumulativeReward":{"count":1322,"max":3.071365,"min":-2.946629,"runningAverage":-1.11166489,"value":-1.50663507,"weightedAverage":-1.41682851}},"metadata":{"timer_format_version":"0.1.0","start_time_seconds":"1775695689","unity_version":"6000.3.10f1","command_line_arguments":"S:\\Unity\\6000.3.10f1\\Editor\\Unity.exe -projectpath S:\\Unity\\Unity Games\\RL-Tanks -acceptSoftwareTermsForThisRunOnly -useHub -hubIPC -cloudEnvironment production","communication_protocol_version":"1.5.0","com.unity.ml-agents_version":"4.0.2","scene_name":"TankSim","end_time_seconds":"1775700618"}}